{
    "name": "root",
    "gauges": {
        "CaptureTheFlag.Policy.Entropy.mean": {
            "value": 2.8104612827301025,
            "min": 2.8104612827301025,
            "max": 2.862583875656128,
            "count": 3
        },
        "CaptureTheFlag.Policy.Entropy.sum": {
            "value": 140421.890625,
            "min": 96362.2265625,
            "max": 143197.890625,
            "count": 3
        },
        "CaptureTheFlag.Step.mean": {
            "value": 149985.0,
            "min": 49938.0,
            "max": 149985.0,
            "count": 3
        },
        "CaptureTheFlag.Step.sum": {
            "value": 149985.0,
            "min": 49938.0,
            "max": 149985.0,
            "count": 3
        },
        "CaptureTheFlag.Policy.ExtrinsicValueEstimate.mean": {
            "value": 285.0859069824219,
            "min": -1.6221380233764648,
            "max": 285.0859069824219,
            "count": 3
        },
        "CaptureTheFlag.Policy.ExtrinsicValueEstimate.sum": {
            "value": 248309.828125,
            "min": -953.817138671875,
            "max": 248309.828125,
            "count": 3
        },
        "CaptureTheFlag.Environment.EpisodeLength.mean": {
            "value": 393.03937007874015,
            "min": 387.93023255813955,
            "max": 393.03937007874015,
            "count": 3
        },
        "CaptureTheFlag.Environment.EpisodeLength.sum": {
            "value": 49916.0,
            "min": 33362.0,
            "max": 50020.0,
            "count": 3
        },
        "CaptureTheFlag.Environment.CumulativeReward.mean": {
            "value": 2019.5864276708592,
            "min": 740.070466423104,
            "max": 2019.5864276708592,
            "count": 3
        },
        "CaptureTheFlag.Environment.CumulativeReward.sum": {
            "value": 254467.88988652825,
            "min": 63646.06011238694,
            "max": 254927.16791129112,
            "count": 3
        },
        "CaptureTheFlag.Policy.ExtrinsicReward.mean": {
            "value": 2019.5864276708592,
            "min": 740.070466423104,
            "max": 2019.5864276708592,
            "count": 3
        },
        "CaptureTheFlag.Policy.ExtrinsicReward.sum": {
            "value": 254467.88988652825,
            "min": 63646.06011238694,
            "max": 254927.16791129112,
            "count": 3
        },
        "CaptureTheFlag.Losses.PolicyLoss.mean": {
            "value": 0.022201038003355884,
            "min": 0.0220739786780905,
            "max": 0.02855504959031047,
            "count": 3
        },
        "CaptureTheFlag.Losses.PolicyLoss.sum": {
            "value": 0.11100519001677943,
            "min": 0.08566514877093141,
            "max": 0.11100519001677943,
            "count": 3
        },
        "CaptureTheFlag.Losses.ValueLoss.mean": {
            "value": 3514.696254069011,
            "min": 2545.334175409211,
            "max": 5599.516518554687,
            "count": 3
        },
        "CaptureTheFlag.Losses.ValueLoss.sum": {
            "value": 17573.481270345055,
            "min": 7636.002526227633,
            "max": 27997.582592773433,
            "count": 3
        },
        "CaptureTheFlag.Policy.LearningRate.mean": {
            "value": 0.00022242410585864006,
            "min": 0.00022242410585864006,
            "max": 0.0002778876073708,
            "count": 3
        },
        "CaptureTheFlag.Policy.LearningRate.sum": {
            "value": 0.0011121205292932003,
            "min": 0.0008336628221124001,
            "max": 0.0012662418779193997,
            "count": 3
        },
        "CaptureTheFlag.Policy.Epsilon.mean": {
            "value": 0.17414136000000002,
            "min": 0.17414136000000002,
            "max": 0.19262919999999997,
            "count": 3
        },
        "CaptureTheFlag.Policy.Epsilon.sum": {
            "value": 0.8707068000000001,
            "min": 0.5778876,
            "max": 0.9220806000000001,
            "count": 3
        },
        "CaptureTheFlag.Policy.Beta.mean": {
            "value": 0.0037096538640000003,
            "min": 0.0037096538640000003,
            "max": 0.004632197080000001,
            "count": 3
        },
        "CaptureTheFlag.Policy.Beta.sum": {
            "value": 0.01854826932,
            "min": 0.013896591240000002,
            "max": 0.02111182194,
            "count": 3
        },
        "CaptureTheFlag.IsTraining.mean": {
            "value": 1.0,
            "min": 1.0,
            "max": 1.0,
            "count": 3
        },
        "CaptureTheFlag.IsTraining.sum": {
            "value": 1.0,
            "min": 1.0,
            "max": 1.0,
            "count": 3
        }
    },
    "metadata": {
        "timer_format_version": "0.1.0",
        "start_time_seconds": "1742462495",
        "python_version": "3.10.9 (main, Mar 18 2025, 12:48:32) [GCC 13.3.0]",
        "command_line_arguments": "/home/lukas/Github/MLagents-Base/MLBase/.venv/bin/mlagents-learn --run-id Stage2 --resume",
        "mlagents_version": "1.1.0",
        "mlagents_envs_version": "1.1.0",
        "communication_protocol_version": "1.5.0",
        "pytorch_version": "2.6.0+cu124",
        "numpy_version": "1.23.5",
        "end_time_seconds": "1742540907"
    },
    "total": 4821.221093345001,
    "count": 1,
    "self": 0.016265316000499297,
    "children": {
        "run_training.setup": {
            "total": 0.03012473699709517,
            "count": 1,
            "self": 0.03012473699709517
        },
        "TrainerController.start_learning": {
            "total": 4821.174703292003,
            "count": 1,
            "self": 5.243982979252905,
            "children": {
                "TrainerController._reset_env": {
                    "total": 14.868552731000818,
                    "count": 1,
                    "self": 14.868552731000818
                },
                "TrainerController.advance": {
                    "total": 4800.68344429975,
                    "count": 87207,
                    "self": 5.0263646394596435,
                    "children": {
                        "env_step": {
                            "total": 4651.21575316857,
                            "count": 87207,
                            "self": 3900.4543773974838,
                            "children": {
                                "SubprocessEnvManager._take_step": {
                                    "total": 747.4292454964998,
                                    "count": 87207,
                                    "self": 29.915766930222162,
                                    "children": {
                                        "TorchPolicy.evaluate": {
                                            "total": 717.5134785662776,
                                            "count": 173899,
                                            "self": 717.5134785662776
                                        }
                                    }
                                },
                                "workers": {
                                    "total": 3.332130274586234,
                                    "count": 87206,
                                    "self": 0.0,
                                    "children": {
                                        "worker_root": {
                                            "total": 4813.086691974386,
                                            "count": 87206,
                                            "is_parallel": true,
                                            "self": 1229.8846237862817,
                                            "children": {
                                                "run_training.setup": {
                                                    "total": 0.0,
                                                    "count": 0,
                                                    "is_parallel": true,